variant_id,timeframe_minutes,mode_name,buy_threshold,sell_threshold,full_history_total_return_pct,full_history_cagr_pct,full_history_max_drawdown_pct,full_history_daily_sharpe,full_history_trade_count,last_1y_total_return_pct,last_90d_total_return_pct,ytd_2026_total_return_pct,positive_window_count,stability_score
5m_swing_buy_-0.5_sell_0.75,5,swing,-0.5,0.75,22.06405934414977,4.0732037352672945,36.40010549575692,0.29055812730482256,1362,6.991503333997229,6.457351837940761,7.478273750294928,4,14
5m_swing_buy_-0.5_sell_1,5,swing,-0.5,1.0,18.8732531985079,3.5226435724661442,37.105735394354745,0.26737164864545176,1172,20.307919768850468,1.223590854935308,2.568978043289527,4,53
5m_swing_buy_-0.5_sell_1.5,5,swing,-0.5,1.5,7.680985674854757,1.4929167150082856,42.50844387308537,0.17770200197056304,872,14.872547364463951,2.435628879827978,1.5894418173968639,4,56
